ride_id,rideable_type,started_at,ended_at,start_station_name,start_station_id,end_station_name,end_station_id,start_lat,start_lng,end_lat,end_lng,member_casual
CDE6023BE6B11D2F,electric_bike,2024-06-11 17:20:06.289,2024-06-11 17:21:39.464,,,,,41.89,-87.65,41.89,-87.65,casual
462B48CD292B6A18,electric_bike,2024-06-11 17:19:21.567,2024-06-11 17:19:36.377,,,,,41.89,-87.65,41.89,-87.65,casual
9CFB6A858D23ABF7,electric_bike,2024-06-11 17:25:27.089,2024-06-11 17:30:13.035,,,,,41.93,-87.65,41.94,-87.65,casual
6365EFEB64231153,electric_bike,2024-06-11 11:53:50.769,2024-06-11 12:08:13.382,,,,,41.88,-87.64,41.88,-87.64,casual
BA0323C33134CBA8,electric_bike,2024-06-11 00:11:08.237,2024-06-11 00:11:22.998,,,,,41.94,-87.64,41.94,-87.64,casual
DE26F0D728517B77,electric_bike,2024-06-11 00:12:38.396,2024-06-11 00:12:57.813,,,,,41.94,-87.64,41.94,-87.64,casual
C806B4280D388CC0,electric_bike,2024-06-11 00:14:00.716,2024-06-11 00:20:35.287,,,,,41.94,-87.64,41.93,-87.64,casual
45CBD564C461DBE9,electric_bike,2024-06-11 18:22:23.556,2024-06-11 19:26:41.817,,,,,41.91,-87.63,41.87,-87.61,casual
D943D9C4841D9A60,electric_bike,2024-06-11 12:51:10.334,2024-06-11 12:51:28.278,,,,,41.91,-87.74,41.91,-87.74,casual
2C9D2B7821354BFF,electric_bike,2024-06-11 12:49:24.069,2024-06-11 12:49:45.379,,,,,41.91,-87.74,41.91,-87.74,casual
17DE443860E503FE,electric_bike,2024-06-11 08:45:15.420,2024-06-11 08:56:32.604,,,,,41.89,-87.62,41.88,-87.63,casual
9CA37E8BE56A5C78,electric_bike,2024-06-10 19:51:35.813,2024-06-10 19:53:43.594,,,,,41.8,-87.7,41.79,-87.7,casual
0B8832ED94F388DB,electric_bike,2024-06-10 19:49:05.812,2024-06-10 19:50:45.152,,,,,41.8,-87.7,41.8,-87.7,casual
4FB7A017D9EF3A0E,electric_bike,2024-06-11 15:56:58.527,2024-06-11 16:18:49.209,,,,,41.88,-87.64,41.94,-87.66,casual
D58B179696F4324F,electric_bike,2024-06-10 19:11:30.871,2024-06-10 19:24:37.462,,,,,41.89,-87.65,41.91,-87.63,casual
06C4D74206854FBF,electric_bike,2024-06-11 00:41:34.462,2024-06-11 00:59:55.435,,,,,41.91,-87.68,41.95,-87.71,casual
F3D133067309C8DF,electric_bike,2024-06-10 21:58:16.031,2024-06-10 22:11:53.293,,,,,41.93,-87.71,41.91,-87.68,casual
A414D79BAEA2477F,electric_bike,2024-06-11 12:35:57.186,2024-06-11 12:44:54.004,,,Wood St & Chicago Ave,637,41.88,-87.65,41.895634,-87.672069,casual
BC90824485F264B8,electric_bike,2024-06-10 19:02:08.365,2024-06-10 19:06:16.585,,,,,42.05,-87.68,42.05,-87.69,casual
755CCE9433F82C7B,electric_bike,2024-06-11 12:24:05.812,2024-06-11 12:24:17.026,,,,,41.73,-87.64,41.73,-87.64,casual
EFEF2B0D1219A875,electric_bike,2024-06-11 12:25:34.870,2024-06-11 13:25:50.918,,,,,41.73,-87.64,41.69,-87.61,casual
05161B08F1E67DF4,electric_bike,2024-06-11 12:22:13.074,2024-06-11 12:22:31.725,,,,,41.73,-87.64,41.73,-87.64,casual
45C7F5E0A3B868FB,electric_bike,2024-06-10 21:35:09.301,2024-06-10 21:38:52.679,,,,,41.99,-87.66,41.99,-87.65,casual
6BFB364B3E37D8CF,electric_bike,2024-06-10 21:36:06.270,2024-06-10 21:40:28.771,,,,,41.98,-87.67,41.98,-87.66,casual
6FF9658ECD4E8579,electric_bike,2024-06-11 13:35:32.300,2024-06-11 13:42:03.246,,,,,41.89,-87.62,41.89,-87.63,casual
ACF94376DF9439C4,electric_bike,2024-06-11 16:46:02.475,2024-06-11 16:54:47.940,,,,,41.89,-87.64,41.89,-87.66,casual
B30F947AA63AAF29,electric_bike,2024-06-11 11:35:55.382,2024-06-11 11:49:35.667,,,,,41.89,-87.61,41.89,-87.66,casual
78C3E0CEC1D486EC,electric_bike,2024-06-11 08:10:51.451,2024-06-11 08:19:14.730,,,,,41.88,-87.67,41.89,-87.65,casual
2DB5C2E15C81C2DC,electric_bike,2024-06-11 13:25:19.536,2024-06-11 13:42:26.368,,,,,41.9,-87.66,41.93,-87.71,casual
2A64EDA8E7633BFA,electric_bike,2024-06-11 18:41:33.171,2024-06-11 18:46:16.188,,,,,41.93,-87.66,41.95,-87.66,casual
9B010D145E668CF2,electric_bike,2024-06-11 19:02:04.496,2024-06-11 19:06:55.523,,,,,41.95,-87.66,41.93,-87.65,casual
A1706A02C670B91B,electric_bike,2024-06-11 18:55:09.251,2024-06-11 18:57:26.858,,,,,41.9,-87.65,41.9,-87.65,casual
DBC2313E1C977713,electric_bike,2024-06-10 20:21:47.014,2024-06-10 20:28:12.423,,,,,41.87,-87.68,41.87,-87.66,member
9A1F6536BC70EEAB,electric_bike,2024-06-11 10:28:46.302,2024-06-11 10:32:41.779,,,,,41.87,-87.66,41.87,-87.65,member
B4C3B68E7947FFF9,electric_bike,2024-06-11 18:50:41.622,2024-06-11 18:58:08.839,,,,,41.92,-87.63,41.93,-87.65,casual
3DC8F84A491B886A,electric_bike,2024-06-11 13:10:11.688,2024-06-11 13:10:20.627,,,,,41.89,-87.61,41.89,-87.61,casual
E8CE71B6054D4F61,electric_bike,2024-06-11 13:11:03.514,2024-06-11 14:34:58.303,,,,,41.89,-87.61,41.88,-87.62,casual
7334391F52D7DC19,electric_bike,2024-06-11 16:13:40.704,2024-06-11 16:36:15.137,,,,,41.96,-87.65,41.9,-87.63,casual
9AC42182B1873BFC,electric_bike,2024-06-11 15:02:50.228,2024-06-11 16:13:46.338,,,,,41.89,-87.61,41.84,-87.61,casual
8D649A54FF0CC2D1,electric_bike,2024-06-11 18:29:50.427,2024-06-11 18:37:32.517,,,,,41.89,-87.62,41.88,-87.62,casual
76D05F5D2C3EA53B,electric_bike,2024-06-11 08:55:21.022,2024-06-11 08:59:23.511,,,,,41.93,-87.65,41.92,-87.64,casual
2EA0A8AF27858D14,electric_bike,2024-06-11 10:55:38.846,2024-06-11 10:58:53.457,,,,,41.89,-87.62,41.89,-87.62,casual
A98F9F43F3A1DF22,electric_bike,2024-06-11 17:12:20.185,2024-06-11 17:37:30.384,,,,,41.88,-87.63,41.91,-87.62,casual
F9034E58308A8F08,electric_bike,2024-06-11 01:03:01.279,2024-06-11 01:06:40.361,,,,,42.0,-87.66,42.01,-87.66,casual
C6EB1797FCFAD4C4,electric_bike,2024-06-11 08:32:44.782,2024-06-11 08:38:57.411,,,,,41.99,-87.68,42.0,-87.67,casual
CCDA88AD3B720103,electric_bike,2024-06-11 02:36:52.496,2024-06-11 02:40:50.626,,,,,41.99,-87.68,42.0,-87.67,casual
FAA8B7727CC9DE9D,electric_bike,2024-06-11 07:47:55.505,2024-06-11 07:52:44.764,,,,,42.0,-87.67,41.99,-87.68,casual
EE9F2E3EE449F1CA,electric_bike,2024-06-11 18:04:10.979,2024-06-11 18:41:56.750,,,,,42.0,-87.66,41.98,-87.67,casual
445B893257F5B09C,electric_bike,2024-06-10 19:09:25.749,2024-06-10 19:20:19.048,,,,,41.95,-87.65,41.96,-87.67,casual
4319A20A6E8170B8,electric_bike,2024-06-10 19:25:26.161,2024-06-10 19:30:46.448,,,,,41.96,-87.67,41.95,-87.67,casual
A4E05ADB3017C86D,electric_bike,2024-06-11 18:17:03.015,2024-06-11 18:17:25.401,,,,,41.91,-87.62,41.91,-87.62,casual
B85981EFD41F995E,electric_bike,2024-06-10 19:21:44.633,2024-06-10 19:38:55.583,,,,,41.93,-87.65,41.9,-87.67,casual
40AFF95DCEBEEF8C,electric_bike,2024-06-10 23:24:46.037,2024-06-10 23:25:19.859,,,,,41.91,-87.63,41.91,-87.63,casual
6B1F6206083C9FF5,electric_bike,2024-06-11 17:14:29.294,2024-06-11 17:21:28.511,,,,,41.89,-87.63,41.88,-87.64,casual
29660F42C6EC1836,electric_bike,2024-06-11 12:18:46.004,2024-06-11 12:18:48.111,,,,,41.96,-87.66,41.96,-87.66,casual
8CA79A31485C3B97,electric_bike,2024-06-11 12:21:05.623,2024-06-11 12:31:37.112,,,,,41.96,-87.66,41.96,-87.65,casual
82B7A2985CDE183F,electric_bike,2024-06-11 13:27:08.499,2024-06-11 13:36:53.165,,,,,41.95,-87.65,41.96,-87.67,casual
A9D471F665EAE58B,electric_bike,2024-06-11 14:03:46.195,2024-06-11 14:47:41.646,,,,,41.92,-87.63,41.89,-87.6,casual
66BA5E6568C53FE1,electric_bike,2024-06-11 06:42:12.562,2024-06-11 06:54:32.653,,,,,41.92,-87.64,41.89,-87.64,casual
7F07D5AD6C989C9A,electric_bike,2024-06-11 16:44:44.007,2024-06-11 16:58:10.929,,,,,41.87,-87.68,41.9,-87.67,casual
D3AF7226EA880F99,electric_bike,2024-06-11 15:59:19.299,2024-06-11 17:49:04.458,,,,,41.91,-87.75,41.91,-87.76,casual
75D79D2A55D927E4,electric_bike,2024-06-10 22:50:45.752,2024-06-10 23:00:00.212,,,California Ave & Division St,13256,41.93,-87.71,41.903029,-87.697474,casual
98706087A8BE1F16,electric_bike,2024-06-11 13:16:57.164,2024-06-11 13:17:28.826,,,,,41.9,-87.63,41.9,-87.63,casual
844B878127142916,electric_bike,2024-06-11 13:17:53.359,2024-06-11 13:21:12.246,,,,,41.9,-87.63,41.89,-87.63,casual
CDF7618D4FC8E265,electric_bike,2024-06-11 12:35:30.027,2024-06-11 12:56:17.928,,,,,41.97,-87.66,42.02,-87.68,casual
DA6ACACF26645A46,electric_bike,2024-06-11 03:45:44.986,2024-06-11 04:01:40.393,,,,,41.8,-87.72,41.84,-87.72,casual
B8BD3D8EFFE4274E,electric_bike,2024-06-11 03:44:35.099,2024-06-11 03:44:48.224,,,,,41.8,-87.72,41.8,-87.72,casual
707F4ED8BBACC30C,electric_bike,2024-06-10 21:25:16.820,2024-06-10 21:37:28.828,,,,,41.89,-87.63,41.9,-87.67,casual
D4D201CD0739424A,electric_bike,2024-06-11 18:22:06.702,2024-06-11 18:28:07.295,,,,,41.95,-87.66,41.93,-87.65,casual
19EF6D5814B4B39B,electric_bike,2024-06-11 18:16:16.604,2024-06-11 18:24:40.534,,,,,41.91,-87.64,41.91,-87.62,casual
E431803D511F36C6,electric_bike,2024-06-11 18:45:29.447,2024-06-11 18:47:13.385,,,,,41.89,-87.67,41.89,-87.66,casual
E5EABBEB0B2EBE59,electric_bike,2024-06-10 19:45:48.742,2024-06-10 20:23:14.276,,,,,41.92,-87.63,41.98,-87.66,casual
F436D2A57D841D1C,electric_bike,2024-06-11 17:02:59.968,2024-06-11 17:11:02.832,,,,,41.88,-87.63,41.86,-87.63,member
DDFB2638BF7DA62A,electric_bike,2024-06-11 11:51:04.025,2024-06-11 11:53:57.464,,,,,41.88,-87.63,41.88,-87.63,member
238CF854F7B992AF,electric_bike,2024-06-11 17:09:00.798,2024-06-11 17:19:10.306,,,,,41.91,-87.66,41.91,-87.62,casual
34C064569C112C65,electric_bike,2024-06-11 18:28:18.895,2024-06-11 18:38:57.489,,,,,41.91,-87.62,41.91,-87.65,casual
7FB343563C9C62D6,electric_bike,2024-06-11 18:55:40.784,2024-06-11 19:00:38.945,,,,,41.91,-87.65,41.92,-87.66,casual
9B72E259B93DAFDF,electric_bike,2024-06-11 17:59:15.110,2024-06-11 18:10:20.397,,,,,41.94,-87.64,41.96,-87.64,casual
318ED143B761530A,electric_bike,2024-06-07 02:16:13.435,2024-06-07 02:23:06.003,,,,,41.93,-87.65,41.93,-87.66,casual
C2E06EE1C9C647EC,electric_bike,2024-06-07 17:51:08.230,2024-06-07 18:04:59.209,,,,,41.99,-87.67,41.96,-87.64,casual
A8D2784798AFE340,electric_bike,2024-06-06 21:45:04.614,2024-06-06 21:46:16.418,,,,,41.91,-87.63,41.91,-87.63,casual
98F9F0F985637B5A,electric_bike,2024-06-06 19:47:46.209,2024-06-06 19:55:17.856,,,,,41.92,-87.64,41.91,-87.63,casual
904FB64B99809040,electric_bike,2024-06-06 21:47:05.921,2024-06-06 21:55:05.866,,,,,41.91,-87.63,41.92,-87.64,casual
43B8C994879577AD,electric_bike,2024-06-06 23:41:55.272,2024-06-06 23:49:35.675,,,,,41.95,-87.67,41.95,-87.66,casual
9894A1EA36570B0C,electric_bike,2024-06-07 15:54:39.328,2024-06-07 16:03:48.918,,,,,41.91,-87.63,41.91,-87.63,casual
BF5E84505DE3AB61,electric_bike,2024-06-07 16:09:04.145,2024-06-07 16:12:19.378,,,,,41.91,-87.63,41.91,-87.63,casual
46745014FD5F50E8,electric_bike,2024-06-07 15:12:30.859,2024-06-07 15:22:54.248,,,,,41.93,-87.64,41.93,-87.66,casual
0671BA8A93447B57,electric_bike,2024-06-06 19:57:19.336,2024-06-06 20:03:39.084,,,,,41.93,-87.64,41.92,-87.63,casual
E7F09F7B216CB192,electric_bike,2024-06-06 21:29:24.872,2024-06-06 21:37:14.681,,,,,41.92,-87.63,41.93,-87.64,casual
923B34F2EEF2A94B,electric_bike,2024-06-07 12:18:03.997,2024-06-07 12:31:04.503,,,,,41.95,-87.65,41.97,-87.67,casual
D759288298061EF9,electric_bike,2024-06-07 16:16:37.467,2024-06-07 17:03:27.353,,,,,41.98,-87.67,41.89,-87.63,casual
B60079A80B0FFDFE,electric_bike,2024-06-07 15:40:05.098,2024-06-07 16:24:29.301,,,,,41.96,-87.64,41.91,-87.69,casual
94838F816820604B,electric_bike,2024-06-06 19:36:36.724,2024-06-06 19:45:33.863,,,,,41.92,-87.63,41.92,-87.64,casual
CFB302F2BE08B198,electric_bike,2024-06-07 14:09:28.857,2024-06-07 14:15:36.153,,,,,41.97,-87.69,41.97,-87.67,casual
467D7D1C7F7D8973,electric_bike,2024-06-07 13:21:22.470,2024-06-07 13:38:17.300,,,,,41.94,-87.67,41.97,-87.69,casual
9FE1D2CE7C2C4FC6,electric_bike,2024-06-07 14:21:39.241,2024-06-07 14:27:56.204,,,,,41.97,-87.67,41.97,-87.69,casual
C8E00E7D6A358523,electric_bike,2024-06-07 13:26:17.525,2024-06-07 13:28:44.724,,,,,41.89,-87.65,41.89,-87.65,casual
28DAE6CE47C4EA48,electric_bike,2024-06-07 17:36:31.639,2024-06-07 17:46:27.570,,,,,41.93,-87.64,41.91,-87.63,casual
F28AF1F889BB1FE2,electric_bike,2024-06-07 09:42:28.577,2024-06-07 09:44:57.788,,,,,41.89,-87.63,41.89,-87.63,casual
823F0B3F5F8191A6,electric_bike,2024-06-07 01:12:54.435,2024-06-07 01:38:10.603,,,,,41.9,-87.66,41.93,-87.65,casual
5284F26AAF8E2F95,electric_bike,2024-06-06 23:19:55.575,2024-06-06 23:33:51.149,,,,,41.93,-87.65,41.9,-87.66,casual
F1DE74DD8271E9FF,electric_bike,2024-06-07 17:44:14.686,2024-06-07 18:08:27.859,,,,,41.89,-87.65,41.91,-87.71,casual
0004EEFC3D975063,electric_bike,2024-06-06 21:32:23.097,2024-06-06 21:34:08.645,,,,,41.92,-87.64,41.92,-87.64,casual
A8046A1968E8B589,electric_bike,2024-06-06 22:58:02.710,2024-06-06 23:05:18.135,,,,,41.93,-87.65,41.94,-87.65,casual
BE1B17A88D9A1389,electric_bike,2024-06-07 18:30:00.652,2024-06-07 19:00:23.161,,,,,41.91,-87.69,41.98,-87.67,casual
3D0CC4981980A7AB,electric_bike,2024-06-06 22:22:02.406,2024-06-06 22:28:00.388,,,,,41.79,-87.6,41.8,-87.59,casual
A9ED9E9DEB124D34,electric_bike,2024-06-07 17:15:43.908,2024-06-07 17:25:21.835,,,California Ave & Milwaukee Ave,13084,41.91,-87.67,41.922695,-87.697153,casual
BA034E9FF32EDEB1,electric_bike,2024-06-06 23:06:29.666,2024-06-06 23:18:27.186,,,,,41.88,-87.63,41.89,-87.66,casual
47A3AB74B85A274C,electric_bike,2024-06-07 18:38:07.892,2024-06-07 18:39:03.525,,,,,41.91,-87.62,41.91,-87.62,casual
A36CA63BD59CC8D6,electric_bike,2024-06-07 18:39:50.107,2024-06-07 19:28:47.251,,,,,41.91,-87.62,41.91,-87.63,casual
7BB2CECEAB083ECE,electric_bike,2024-06-07 00:23:59.810,2024-06-07 00:27:56.148,,,,,41.97,-87.65,41.95,-87.65,casual
C9A89BE833C0F042,electric_bike,2024-06-07 16:28:50.228,2024-06-07 16:36:53.234,,,,,41.97,-87.64,41.95,-87.64,casual
4E3AF2F9C8DE6ABA,electric_bike,2024-06-07 16:27:20.725,2024-06-07 16:27:35.868,,,,,41.97,-87.64,41.97,-87.64,casual
41BB2C93B2920003,electric_bike,2024-06-07 10:07:15.581,2024-06-07 10:14:05.803,,,,,41.9,-87.69,41.91,-87.68,casual
A0C3E25B08B95170,electric_bike,2024-06-07 17:18:52.691,2024-06-07 17:40:26.075,,,,,41.92,-87.68,41.97,-87.69,casual
0FB8E40AB46C9610,electric_bike,2024-06-06 19:48:25.063,2024-06-06 19:56:35.282,,,,,42.05,-87.68,42.05,-87.67,casual
3D76AF92953C694E,electric_bike,2024-06-07 14:17:10.926,2024-06-07 14:21:41.643,,,,,42.06,-87.68,42.05,-87.67,casual
61D097DC23A5A0D8,electric_bike,2024-06-07 15:46:53.290,2024-06-07 15:51:13.283,,,,,42.05,-87.67,42.06,-87.68,casual
F2727DC63B4A1EB9,electric_bike,2024-06-06 19:05:07.599,2024-06-06 19:13:25.587,,,,,42.05,-87.68,42.05,-87.68,casual
D10FE4E6C4D741D8,electric_bike,2024-06-07 15:20:28.605,2024-06-07 15:26:03.648,,,,,42.05,-87.67,42.05,-87.67,casual
0A1ED7EB8487373F,electric_bike,2024-06-07 15:15:36.174,2024-06-07 15:46:01.056,,,,,41.92,-87.64,41.89,-87.63,casual
AC1DDC3C20111B00,electric_bike,2024-06-07 18:33:50.852,2024-06-07 21:31:46.688,,,,,41.86,-87.71,41.86,-87.71,casual
3588D9776AE3513C,electric_bike,2024-06-06 20:37:37.537,2024-06-06 20:37:58.984,,,,,41.91,-87.63,41.91,-87.63,casual
022A0F8A3F631B97,electric_bike,2024-06-06 19:35:44.007,2024-06-06 19:42:19.391,,,,,41.92,-87.63,41.93,-87.64,casual
061B6D6EC4A4149F,electric_bike,2024-06-07 18:59:59.328,2024-06-07 19:08:43.385,,,,,41.92,-87.7,41.92,-87.69,casual
02F4E38B1C05E83F,electric_bike,2024-06-07 17:09:22.003,2024-06-07 17:25:14.113,,,,,41.86,-87.65,41.89,-87.66,casual
ADC4C4E462D5D462,electric_bike,2024-06-07 12:38:34.460,2024-06-07 12:40:27.428,,,,,41.94,-87.68,41.94,-87.68,casual
4A797D97DB6AE8FF,electric_bike,2024-06-06 20:50:30.494,2024-06-06 21:46:46.933,,,,,41.89,-87.62,41.89,-87.61,casual
E4653F888BE17EBE,electric_bike,2024-06-07 17:16:16.408,2024-06-07 17:22:01.450,,,,,41.8,-87.58,41.8,-87.59,casual
D29C023E6F4D8DF5,electric_bike,2024-06-07 17:15:08.890,2024-06-07 17:15:35.548,,,,,41.8,-87.58,41.8,-87.58,casual
0B99C09B94E89DC6,electric_bike,2024-06-07 08:05:13.577,2024-06-07 08:16:42.659,,,,,41.93,-87.63,41.94,-87.66,casual
3518608222011B2B,electric_bike,2024-06-06 21:41:09.519,2024-06-06 21:54:36.664,,,,,41.94,-87.64,41.96,-87.65,casual
BFB07829AB31CB59,electric_bike,2024-06-06 21:55:55.139,2024-06-06 22:05:34.660,,,,,41.94,-87.67,41.93,-87.66,casual
F868888E1BC44ED2,electric_bike,2024-06-07 07:55:34.082,2024-06-07 07:56:00.238,,,,,41.91,-87.67,41.91,-87.67,casual
EB84CDD0E1CB1FCF,electric_bike,2024-06-07 02:28:45.812,2024-06-07 02:40:08.130,,,,,41.95,-87.65,41.98,-87.65,casual
5892C8D10CCA8ADB,electric_bike,2024-06-07 16:50:25.338,2024-06-07 16:51:13.188,,,,,41.97,-87.66,41.97,-87.66,casual
9A9FA18BC114731E,electric_bike,2024-06-07 17:08:00.179,2024-06-07 17:08:18.585,,,,,41.96,-87.67,41.96,-87.67,casual
4348086ED1DCEC2C,electric_bike,2024-06-07 11:38:36.334,2024-06-07 11:45:26.777,,,,,41.99,-87.66,42.01,-87.66,casual
609290AC88DBE4DC,electric_bike,2024-06-07 13:04:56.694,2024-06-07 13:14:00.457,,,,,42.01,-87.66,42.0,-87.66,casual
FC7C2906650199EB,electric_bike,2024-06-07 18:16:21.948,2024-06-07 18:23:20.093,,,,,41.91,-87.64,41.9,-87.63,casual
78A61122AFA19679,electric_bike,2024-06-06 19:02:17.520,2024-06-06 19:03:03.726,,,,,41.92,-87.63,41.92,-87.63,casual
5218C133276220F7,electric_bike,2024-06-06 19:03:57.657,2024-06-06 19:19:48.438,,,,,41.92,-87.63,41.97,-87.64,casual
D71B5D5F80332C36,electric_bike,2024-06-07 17:03:25.684,2024-06-07 17:21:11.685,,,,,41.88,-87.63,41.92,-87.64,casual
7430C34ECDA08B64,electric_bike,2024-06-07 18:47:31.524,2024-06-07 19:02:06.377,,,,,41.96,-87.68,41.96,-87.64,casual
9662F0C953435A93,electric_bike,2024-06-06 19:17:16.504,2024-06-06 19:21:45.997,,,,,41.92,-87.69,41.93,-87.7,casual
2EE1E9A992DB51B7,electric_bike,2024-06-06 22:07:22.975,2024-06-06 22:12:11.221,,,,,41.94,-87.66,41.94,-87.67,casual
CEB0C26AFD6188F5,electric_bike,2024-06-06 22:01:28.028,2024-06-06 22:18:46.052,,,,,41.95,-87.65,41.97,-87.69,casual
8B33FF11E65B1746,electric_bike,2024-06-06 19:56:02.374,2024-06-06 20:09:35.618,,,,,41.92,-87.65,41.91,-87.63,casual
8FE8DF405A17FF49,electric_bike,2024-06-07 01:09:38.233,2024-06-07 01:46:14.703,,,,,41.94,-87.64,41.9,-87.63,casual
0703903F92D9BD12,electric_bike,2024-06-07 17:30:51.185,2024-06-07 18:01:44.158,,,,,41.98,-87.69,41.92,-87.71,casual
08C46349C25B05A6,electric_bike,2024-06-07 15:41:45.353,2024-06-07 15:59:36.344,,,,,41.89,-87.62,41.9,-87.62,casual
4377F7036B3CB5EB,electric_bike,2024-06-06 19:04:09.822,2024-06-06 19:24:39.610,,,,,41.95,-87.64,41.91,-87.64,casual
64E9CECE05F6F23E,electric_bike,2024-06-07 17:44:14.099,2024-06-07 17:44:15.563,,,,,41.9,-87.67,41.9,-87.67,casual
8F94E2714521DC30,electric_bike,2024-06-07 11:20:46.186,2024-06-07 11:24:42.897,,,,,41.92,-87.64,41.92,-87.64,casual
07CE7B10E310E9A3,electric_bike,2024-06-07 17:14:59.196,2024-06-07 17:22:41.578,,,,,41.88,-87.63,41.9,-87.63,casual
BED4DA34EC838546,electric_bike,2024-06-07 17:51:16.637,2024-06-07 17:58:06.521,,,,,41.98,-87.65,41.98,-87.67,casual
DD70223493A92072,electric_bike,2024-06-06 20:09:59.888,2024-06-06 20:23:49.073,,,,,41.9,-87.67,41.92,-87.69,casual
866A3A6C18C910D0,electric_bike,2024-06-07 16:29:49.264,2024-06-07 16:37:00.888,,,,,41.85,-87.72,41.86,-87.72,casual
3CB9D90B6BCE5741,electric_bike,2024-06-07 16:08:16.743,2024-06-07 16:18:54.352,,,,,41.86,-87.72,41.85,-87.72,casual
4BF489270DE13448,electric_bike,2024-06-07 17:22:20.989,2024-06-07 17:22:47.538,,,,,41.99,-87.69,41.99,-87.69,casual
8C4D2C6D20AFF034,electric_bike,2024-06-07 14:50:50.501,2024-06-07 15:06:06.814,,,,,41.92,-87.63,41.93,-87.63,casual
AF6229573A5AE7F2,electric_bike,2024-06-07 16:41:31.732,2024-06-07 16:47:14.660,,,,,42.0,-87.76,41.99,-87.76,member
024688949CF8340E,electric_bike,2024-06-07 11:47:38.928,2024-06-07 11:49:17.289,,,,,41.89,-87.64,41.89,-87.64,member
B381D74A76D43DF5,electric_bike,2024-06-07 10:38:38.165,2024-06-07 10:50:27.834,,,,,41.92,-87.67,41.91,-87.63,casual
0E2E55F0C295D22B,electric_bike,2024-06-06 19:04:36.092,2024-06-06 19:21:25.306,,,,,41.98,-87.7,41.99,-87.71,casual
B2CDD911521070D9,electric_bike,2024-06-07 14:24:08.606,2024-06-07 14:56:34.267,,,,,41.91,-87.7,41.93,-87.63,casual
75DFB7A4E5D03148,electric_bike,2024-06-07 11:51:40.542,2024-06-07 11:56:43.669,,,,,41.92,-87.65,41.91,-87.65,casual
EFC29C1FB1CD171E,electric_bike,2024-06-07 00:36:42.209,2024-06-07 00:56:22.896,,,,,41.93,-87.79,41.94,-87.79,casual
896DD9CF94C47381,electric_bike,2024-06-07 17:54:08.582,2024-06-07 18:03:02.121,,,,,41.96,-87.67,41.95,-87.66,casual
BB039BF7FB0ECBD4,electric_bike,2024-06-07 18:55:29.106,2024-06-07 19:03:44.464,,,,,41.97,-87.69,41.97,-87.67,casual
1EA987D321141A37,electric_bike,2024-06-07 11:23:21.162,2024-06-07 11:29:43.285,,,,,41.97,-87.67,41.97,-87.69,casual
F74B48A32480CAE1,electric_bike,2024-06-07 15:20:24.801,2024-06-07 15:27:22.902,,,,,42.01,-87.66,42.0,-87.67,casual
C60A3DFA4DBBCBF2,electric_bike,2024-06-07 09:50:22.006,2024-06-07 09:59:15.310,,,,,41.92,-87.66,41.93,-87.65,casual
04EC9ADFF90D988A,electric_bike,2024-06-07 13:27:17.889,2024-06-07 13:27:40.464,,,,,41.94,-87.64,41.94,-87.64,casual
B979CAC80572994C,electric_bike,2024-06-07 13:28:03.022,2024-06-07 13:31:58.866,,,,,41.94,-87.64,41.94,-87.64,casual
B97C237EDE5A686C,electric_bike,2024-06-07 16:06:58.946,2024-06-07 16:43:31.533,,,,,41.91,-87.62,41.95,-87.66,casual
00BAD1987C30B9E9,electric_bike,2024-06-07 17:01:34.445,2024-06-07 17:11:17.921,,,,,41.95,-87.66,41.95,-87.68,casual
30795CD423C183B6,electric_bike,2024-06-06 21:00:28.883,2024-06-06 21:06:20.443,,,,,41.92,-87.63,41.93,-87.65,casual
F586F6D1E999E40E,electric_bike,2024-06-06 19:09:34.374,2024-06-06 19:15:51.148,,,,,41.93,-87.64,41.92,-87.63,casual
3DFB1366DF035F14,electric_bike,2024-06-07 00:32:42.884,2024-06-07 00:39:43.855,,,,,41.94,-87.65,41.96,-87.65,casual
6E5DFF59191A7BEF,electric_bike,2024-06-07 13:30:07.711,2024-06-07 14:01:11.634,,,,,41.91,-87.63,41.95,-87.65,casual
36F6D3D2E159F89B,electric_bike,2024-06-07 13:29:06.214,2024-06-07 13:29:29.874,,,,,41.91,-87.63,41.91,-87.63,casual
D3F94870C848DBE4,electric_bike,2024-06-07 13:30:48.306,2024-06-07 13:36:00.737,,,,,41.72,-87.64,41.72,-87.62,casual
83092AA056E01D64,electric_bike,2024-06-07 09:51:31.898,2024-06-07 09:51:57.104,,,,,41.89,-87.77,41.89,-87.77,casual
26FBB615892620CD,electric_bike,2024-06-07 10:41:32.622,2024-06-07 10:54:30.915,,,,,41.93,-87.68,41.94,-87.65,casual
FDD74AB5698B0DC0,electric_bike,2024-06-07 18:46:40.112,2024-06-07 19:59:11.931,,,,,41.92,-87.63,41.91,-87.63,casual
ADDD48739E126C38,electric_bike,2024-06-07 14:51:32.630,2024-06-07 15:17:11.507,,,,,41.99,-87.65,41.93,-87.63,casual
6621B17B2AC21DF0,electric_bike,2024-06-07 18:49:13.714,2024-06-07 19:04:04.365,,,,,41.93,-87.65,41.9,-87.63,casual
B5C52B84AF073D00,electric_bike,2024-06-07 01:49:09.127,2024-06-07 02:34:03.885,,,,,41.96,-87.72,41.98,-87.68,casual
F436D8B5041F9FDB,electric_bike,2024-06-06 23:01:28.695,2024-06-06 23:10:20.688,,,,,41.91,-87.63,41.92,-87.65,casual
DA84C299035FC1D7,electric_bike,2024-06-07 11:03:50.775,2024-06-07 11:07:40.585,,,,,41.98,-87.68,41.98,-87.69,casual
59EA24BBBE7B8464,electric_bike,2024-06-07 11:38:47.255,2024-06-07 11:44:18.992,,,,,41.98,-87.69,41.98,-87.68,casual
29009CE492FDD557,electric_bike,2024-06-07 17:13:13.535,2024-06-07 17:18:40.462,,,,,42.06,-87.7,42.06,-87.72,casual
35477A7198019BFB,electric_bike,2024-06-07 14:52:58.151,2024-06-07 14:57:35.564,,,,,42.06,-87.72,42.06,-87.7,casual
B38AB576C90CE9D3,electric_bike,2024-06-06 20:42:46.739,2024-06-06 20:43:07.437,,,,,41.97,-87.66,41.97,-87.66,casual
CA5A196544D5FE65,electric_bike,2024-06-06 20:43:53.874,2024-06-06 20:54:19.468,,,,,41.97,-87.66,41.98,-87.65,casual
9302F77DBE9F2962,electric_bike,2024-06-06 19:56:28.283,2024-06-06 20:10:23.243,,,,,41.91,-87.62,41.94,-87.64,casual
7F7198FEB7F8F34A,electric_bike,2024-06-07 15:49:15.099,2024-06-07 16:04:05.115,,,,,41.93,-87.66,41.9,-87.68,casual
A3F9095C761C1DD4,electric_bike,2024-06-06 20:31:13.225,2024-06-06 20:47:43.919,,,,,41.91,-87.62,41.93,-87.65,casual
0D5B50F85AD42D83,electric_bike,2024-06-06 19:03:58.616,2024-06-06 19:22:22.828,,,,,41.93,-87.65,41.91,-87.63,casual
79CCCFB8AE4D10F8,electric_bike,2024-06-07 06:03:39.910,2024-06-07 06:07:26.037,,,,,41.92,-87.63,41.91,-87.63,casual
9431C2A519382E71,electric_bike,2024-06-07 12:58:23.939,2024-06-07 13:19:11.553,,,,,41.87,-87.62,41.88,-87.65,casual
95343B75CEAE032A,electric_bike,2024-06-07 12:57:11.919,2024-06-07 12:57:28.708,,,,,41.87,-87.62,41.87,-87.62,casual
87D9702D47FFE590,electric_bike,2024-06-07 18:38:46.666,2024-06-07 18:58:03.840,,,,,41.95,-87.68,41.98,-87.66,casual
7BD27FB25A79C136,electric_bike,2024-06-07 15:18:22.198,2024-06-07 15:18:43.738,,,,,41.93,-87.66,41.93,-87.66,casual
8B492DD7AA5C7D26,electric_bike,2024-06-07 15:19:22.754,2024-06-07 15:25:04.517,,,,,41.93,-87.66,41.93,-87.64,casual
8FF3FA1567D8A182,electric_bike,2024-06-06 21:52:15.027,2024-06-06 22:07:36.312,,,,,41.91,-87.63,41.93,-87.64,casual
6D384D89F77503D6,electric_bike,2024-06-06 23:35:03.260,2024-06-06 23:44:21.571,,,,,41.91,-87.68,41.93,-87.7,casual
D8CE66CB5AD23C7A,electric_bike,2024-06-07 15:15:30.907,2024-06-07 15:15:41.678,,,,,41.91,-87.68,41.91,-87.68,casual
E3092B9025D7C78C,electric_bike,2024-06-07 15:16:15.992,2024-06-07 15:33:40.388,,,,,41.91,-87.68,41.94,-87.65,casual
B8D55DA1FD3119B8,electric_bike,2024-06-07 17:05:37.958,2024-06-07 17:11:55.011,,,,,41.89,-87.62,41.88,-87.64,casual
BA1A28F7FE2E4789,electric_bike,2024-06-06 21:36:45.051,2024-06-06 21:56:18.011,,,,,41.91,-87.63,41.92,-87.64,casual
13682489925FBFD2,electric_bike,2024-06-07 18:38:08.486,2024-06-07 18:38:28.887,,,,,41.94,-87.65,41.94,-87.65,casual
6AF0B89148B4D042,electric_bike,2024-06-07 18:39:24.355,2024-06-07 18:58:52.720,,,,,41.94,-87.65,41.91,-87.67,casual
60F82DCA1B87F7FA,electric_bike,2024-06-07 15:10:19.549,2024-06-07 15:38:53.690,,,,,41.95,-87.64,41.96,-87.65,casual
926AD3DF776ED130,electric_bike,2024-06-06 19:39:05.824,2024-06-06 19:39:06.703,,,,,41.68,-87.65,41.68,-87.65,casual
02519FDC9632DF26,electric_bike,2024-06-06 19:39:44.472,2024-06-07 03:39:41.614,,,,,41.68,-87.65,41.71,-87.64,casual
0202F1A26434E056,electric_bike,2024-06-06 22:26:47.192,2024-06-06 22:34:31.076,,,,,41.98,-87.66,41.99,-87.67,casual
5883D6881856CC8B,electric_bike,2024-06-06 20:17:22.094,2024-06-06 20:20:03.963,,,,,41.94,-87.65,41.94,-87.64,casual
0F8D0E070086C966,electric_bike,2024-06-07 08:44:40.938,2024-06-07 08:45:20.155,,,,,41.9,-87.62,41.9,-87.62,casual
A2BA108E3F4A4DE6,electric_bike,2024-06-07 08:46:02.860,2024-06-07 09:05:41.386,,,,,41.9,-87.62,41.9,-87.62,casual
6C2C1E0FB0F31FE4,electric_bike,2024-06-07 17:17:11.255,2024-06-07 17:24:53.812,,,,,41.9,-87.62,41.89,-87.61,casual
1B4581F3BA2E191E,electric_bike,2024-06-07 14:00:52.145,2024-06-07 14:11:04.123,,,,,41.88,-87.62,41.87,-87.62,casual
1127507E61864074,electric_bike,2024-06-07 15:47:48.866,2024-06-07 15:54:54.323,,,,,41.94,-87.68,41.94,-87.69,casual
0AC52A0840B38C53,electric_bike,2024-06-06 20:36:10.106,2024-06-06 20:45:22.940,,,,,41.92,-87.65,41.94,-87.65,casual
D08BB92FD17675FC,electric_bike,2024-06-07 13:23:26.693,2024-06-07 13:29:12.949,,,,,41.78,-87.75,41.79,-87.74,casual
8E7BFBF1FEE276F8,electric_bike,2024-06-07 15:59:37.322,2024-06-07 16:13:54.664,,,,,41.78,-87.75,41.8,-87.75,casual
97755ED4F639293D,electric_bike,2024-06-07 14:41:27.283,2024-06-07 14:47:25.776,,,,,41.79,-87.74,41.78,-87.75,casual
05FC3F2B5F9D4690,electric_bike,2024-06-06 20:26:44.898,2024-06-06 20:26:46.604,,,,,41.92,-87.63,41.92,-87.63,casual
06A4D8941F67513A,electric_bike,2024-06-07 14:47:20.454,2024-06-07 14:47:43.080,,,,,41.91,-87.63,41.91,-87.63,casual
0186A7DC37718854,electric_bike,2024-06-07 14:48:23.604,2024-06-07 14:55:28.401,,,,,41.91,-87.63,41.92,-87.65,casual
5B0C572B4AB9C414,electric_bike,2024-06-06 19:22:28.216,2024-06-06 19:43:59.225,,,,,41.91,-87.62,41.89,-87.63,casual
65218541C6152FE6,electric_bike,2024-06-07 14:01:06.253,2024-06-07 14:47:47.514,,,,,41.94,-87.63,41.79,-87.59,casual
E0D8B693CF9FDE1F,electric_bike,2024-06-07 13:27:16.188,2024-06-07 14:00:20.376,,,,,42.04,-87.68,41.94,-87.63,casual
E26A45A05D17352D,electric_bike,2024-06-07 14:41:15.236,2024-06-07 14:41:31.450,,,,,41.86,-87.61,41.86,-87.61,casual
C42691ACAD97A462,electric_bike,2024-06-07 14:42:27.058,2024-06-07 15:16:21.748,,,,,41.86,-87.61,41.91,-87.63,casual
DC3343C52F6D91E4,electric_bike,2024-06-07 17:08:32.035,2024-06-07 17:16:45.628,,,,,41.9,-87.63,41.9,-87.64,casual
17BD4C6F78F2D7EA,electric_bike,2024-06-07 17:21:17.455,2024-06-07 17:27:36.886,,,,,41.9,-87.64,41.9,-87.63,casual
C9DDE32C86D51276,electric_bike,2024-06-07 14:27:21.127,2024-06-07 14:50:34.396,,,,,41.93,-87.71,41.89,-87.66,casual
3530B13F21769BE2,electric_bike,2024-06-07 17:56:07.937,2024-06-07 18:00:50.839,,,,,41.91,-87.63,41.93,-87.64,casual
FB525A3C1BB9C2BF,electric_bike,2024-06-07 16:58:15.368,2024-06-07 17:12:50.722,,,,,41.94,-87.66,41.92,-87.68,casual
72D3D2332CD58CAF,electric_bike,2024-06-07 18:06:18.720,2024-06-07 18:19:50.063,,,,,41.97,-87.64,41.95,-87.65,casual
050B9294EF3AC21C,electric_bike,2024-06-07 16:26:18.307,2024-06-07 16:26:50.173,,,,,41.94,-87.64,41.94,-87.64,casual
518B5128F50D15E1,electric_bike,2024-06-07 16:27:32.406,2024-06-07 16:58:30.157,,,,,41.94,-87.64,41.97,-87.64,casual
786329656AD6FFF7,electric_bike,2024-06-07 16:53:05.679,2024-06-07 17:05:31.000,,,,,41.92,-87.66,41.91,-87.63,casual
EEE2682B2366C4F2,electric_bike,2024-06-07 04:38:49.324,2024-06-07 04:42:48.360,,,,,41.77,-87.64,41.77,-87.63,casual
6D94B91DCF53AE3D,electric_bike,2024-06-07 17:58:58.608,2024-06-07 18:01:27.906,,,,,41.77,-87.63,41.77,-87.64,casual
A0A742B69DD71D1D,electric_bike,2024-06-07 17:53:12.907,2024-06-07 17:56:04.333,,,,,41.77,-87.63,41.77,-87.63,casual
C9F9418D31E105B9,electric_bike,2024-06-06 20:07:03.015,2024-06-06 20:19:25.342,,,,,41.91,-87.68,41.92,-87.65,casual
D92D4AA27BE777BC,electric_bike,2024-06-07 13:00:47.594,2024-06-07 13:03:39.398,,,,,41.91,-87.63,41.91,-87.63,casual
D44FE6D486BC04E2,electric_bike,2024-06-07 13:06:21.799,2024-06-07 13:07:07.582,,,,,41.91,-87.63,41.91,-87.62,casual
1B71887E02109455,electric_bike,2024-06-07 14:21:45.783,2024-06-07 14:38:38.267,,,,,41.98,-87.65,41.95,-87.68,casual
9BCB679847D64256,electric_bike,2024-06-07 18:39:14.210,2024-06-07 18:39:28.177,,,,,41.9,-87.65,41.9,-87.65,casual
22811D66B48B0471,electric_bike,2024-06-07 18:40:20.229,2024-06-07 18:40:50.079,,,,,41.9,-87.65,41.9,-87.65,casual
950F95E25088B362,electric_bike,2024-06-07 15:19:57.593,2024-06-07 15:25:23.122,,,,,41.95,-87.65,41.94,-87.64,casual
C93EBEF9CF4E2263,electric_bike,2024-06-07 17:13:17.203,2024-06-07 17:17:50.274,,,,,41.98,-87.67,41.98,-87.68,casual
50209C98925900FC,electric_bike,2024-06-07 16:19:01.918,2024-06-07 16:22:32.669,,,,,41.98,-87.68,41.98,-87.67,casual
874C427DE7990534,electric_bike,2024-06-07 12:36:17.969,2024-06-07 12:36:31.589,,,,,41.98,-87.67,41.98,-87.67,casual
472B38E531689068,electric_bike,2024-06-07 18:41:48.987,2024-06-07 18:48:58.473,,,,,41.93,-87.65,41.91,-87.65,casual
F2F425FD6B751032,electric_bike,2024-06-07 16:00:52.718,2024-06-07 16:04:00.345,,,,,41.92,-87.65,41.93,-87.65,casual
BC979B0A0FEC47B5,electric_bike,2024-06-06 22:22:43.321,2024-06-06 22:35:39.594,,,,,41.92,-87.71,41.9,-87.67,casual
F039A42BD1CD6777,electric_bike,2024-06-07 16:45:34.541,2024-06-07 17:18:09.710,,,,,41.95,-87.68,41.94,-87.71,casual
185B46199EE75BEB,electric_bike,2024-06-07 13:22:59.599,2024-06-07 13:27:01.815,,,,,41.76,-87.74,41.75,-87.73,casual
114FBF38A64A3E81,electric_bike,2024-06-07 11:44:46.910,2024-06-07 11:50:40.875,,,,,41.75,-87.73,41.76,-87.74,casual
B6178DEF04C9A368,electric_bike,2024-06-06 21:51:49.513,2024-06-06 21:52:42.932,,,,,41.91,-87.63,41.91,-87.63,casual
51193CAD1D32C3E2,electric_bike,2024-06-06 21:53:04.344,2024-06-06 22:07:30.361,,,,,41.91,-87.63,41.93,-87.64,casual
E9445BE4F4366171,electric_bike,2024-06-06 20:53:59.401,2024-06-06 21:02:31.152,,,,,41.92,-87.63,41.92,-87.64,casual
101A9B1B7A892DB3,electric_bike,2024-06-07 13:57:12.108,2024-06-07 13:57:32.367,,,,,41.8,-87.59,41.8,-87.59,casual
6B0A42AEDC8E9880,electric_bike,2024-06-07 15:59:40.728,2024-06-07 16:17:39.532,,,,,41.92,-87.63,41.89,-87.64,casual
1DA83847D6B2224F,electric_bike,2024-06-07 18:37:44.137,2024-06-07 18:47:08.350,,,,,41.91,-87.62,41.89,-87.61,casual
96BA9E30ABDCEC42,electric_bike,2024-06-06 19:34:58.621,2024-06-06 19:52:40.898,,,,,41.9,-87.63,41.93,-87.64,casual
F1FA91C52E4CFC51,electric_bike,2024-06-07 18:47:59.967,2024-06-07 19:10:42.804,,,,,41.93,-87.66,41.93,-87.64,casual
2B7006AF19A15001,electric_bike,2024-06-07 05:32:47.955,2024-06-07 05:43:09.744,,,,,41.8,-87.71,41.8,-87.71,casual
E48CAF17D8BE3FD6,electric_bike,2024-06-07 09:17:33.670,2024-06-07 09:21:52.701,,,,,41.8,-87.71,41.8,-87.69,casual
3E60F03AB20C6FF3,electric_bike,2024-06-07 14:43:57.832,2024-06-07 14:46:04.587,,,,,42.01,-87.67,42.01,-87.67,casual
E40EF4CDD19D8005,electric_bike,2024-06-07 15:14:49.331,2024-06-07 15:17:53.647,,,,,42.01,-87.67,42.01,-87.67,casual
60A78ED75A963E62,electric_bike,2024-06-07 18:55:55.480,2024-06-07 18:56:53.032,,,,,41.93,-87.7,41.93,-87.7,casual
AE9745B8345480DA,electric_bike,2024-06-07 18:57:32.344,2024-06-07 19:09:50.526,,,,,41.93,-87.7,41.91,-87.67,casual
44537AD8DE16738D,electric_bike,2024-06-06 19:19:39.714,2024-06-06 19:25:31.281,,,,,41.91,-87.64,41.91,-87.63,casual
89F5844152DDE6EC,electric_bike,2024-06-06 20:31:02.271,2024-06-06 20:35:43.373,,,,,41.91,-87.63,41.91,-87.63,casual
2588F54F7AF18967,electric_bike,2024-06-07 17:49:20.821,2024-06-07 18:07:54.195,,,,,41.91,-87.68,41.9,-87.68,casual
634533BA2D459E52,electric_bike,2024-06-07 03:22:50.432,2024-06-07 03:27:26.421,,,,,41.94,-87.69,41.95,-87.67,casual
DA25B4BDDEB971A0,electric_bike,2024-06-06 20:17:49.285,2024-06-06 20:36:12.967,,,,,41.91,-87.63,41.91,-87.7,casual
3A4EA0147F24A7D3,electric_bike,2024-06-06 22:23:26.769,2024-06-06 22:35:53.447,,,,,41.93,-87.66,41.93,-87.64,casual
0BEE08D907DAF944,electric_bike,2024-06-06 19:18:02.695,2024-06-06 19:27:26.706,,,,,41.99,-87.67,41.97,-87.66,casual
322E2F0578FFD5B7,electric_bike,2024-06-07 12:58:51.659,2024-06-07 13:05:46.616,,,,,42.06,-87.67,42.06,-87.68,casual
D1E43F67D7181BD2,electric_bike,2024-06-07 15:44:10.993,2024-06-07 15:49:27.341,,,,,42.06,-87.67,42.05,-87.68,casual
7B8457812554D639,electric_bike,2024-06-07 10:56:06.501,2024-06-07 11:07:51.524,,,,,42.06,-87.72,42.06,-87.67,casual
824C9CDB31F61AE5,electric_bike,2024-06-07 16:20:31.405,2024-06-07 16:21:05.739,,,,,41.94,-87.67,41.94,-87.67,casual
6143823E2947D77F,electric_bike,2024-06-07 07:10:13.865,2024-06-07 07:13:38.976,,,,,41.94,-87.65,41.94,-87.65,casual
A8EC69AC0FDD38DC,electric_bike,2024-06-07 12:09:58.037,2024-06-07 12:11:03.506,,,,,41.95,-87.67,41.95,-87.68,casual
4F421BF385747619,electric_bike,2024-06-06 20:05:03.334,2024-06-06 20:05:33.947,,,,,41.88,-87.65,41.88,-87.65,casual
9116F51E08E944FF,electric_bike,2024-06-06 20:05:57.933,2024-06-06 20:22:55.927,,,,,41.88,-87.65,41.94,-87.64,casual
E0E4837A5D9A602C,electric_bike,2024-06-07 17:16:39.068,2024-06-07 17:28:55.671,,,,,42.0,-87.69,41.98,-87.67,casual
2DF381DE53401A4E,electric_bike,2024-06-07 17:08:55.341,2024-06-07 17:22:15.165,,,,,41.91,-87.63,41.9,-87.62,casual
DFF85A0BA6991EDD,electric_bike,2024-06-07 10:03:05.580,2024-06-07 10:04:07.422,,,,,41.89,-87.62,41.89,-87.62,casual
FA9AD557C947D4DC,electric_bike,2024-06-07 10:02:14.552,2024-06-07 10:02:45.619,,,,,41.89,-87.62,41.89,-87.62,casual
ADFD36EE6B447828,electric_bike,2024-06-07 12:28:10.556,2024-06-07 12:28:48.876,,,,,41.96,-87.64,41.96,-87.64,casual
24AB1D5BCCD3235F,electric_bike,2024-06-07 12:30:51.840,2024-06-07 12:56:07.662,,,,,41.96,-87.64,41.92,-87.63,casual
A845A75E31094771,electric_bike,2024-06-07 13:12:57.260,2024-06-07 13:23:29.929,,,,,41.92,-87.63,41.94,-87.64,casual
BA3333D0C0ACD9C9,electric_bike,2024-06-06 19:30:55.501,2024-06-06 21:49:27.725,,,,,41.98,-87.66,41.98,-87.66,casual
222C5E491CB3CCCE,electric_bike,2024-06-07 11:13:59.905,2024-06-07 11:27:41.117,,,,,41.93,-87.7,41.96,-87.7,casual
64A146294CFD1BD0,electric_bike,2024-06-07 11:12:01.794,2024-06-07 11:12:28.725,,,,,41.93,-87.7,41.93,-87.7,casual
938809B3C8DD79E0,electric_bike,2024-06-06 19:30:58.408,2024-06-06 19:42:48.030,,,,,42.03,-87.68,42.04,-87.68,casual
70451F3FC532F83A,electric_bike,2024-06-06 19:58:47.089,2024-06-06 19:58:53.335,,,,,42.04,-87.68,42.04,-87.68,casual
8571BD285967FB3B,electric_bike,2024-06-06 19:59:29.409,2024-06-06 20:08:04.337,,,,,42.04,-87.68,42.03,-87.68,casual
81977049B869C2B6,electric_bike,2024-06-07 14:29:37.505,2024-06-07 14:35:44.543,,,,,41.91,-87.63,41.91,-87.63,casual
5A6D3566268F0EB2,electric_bike,2024-06-07 13:48:59.751,2024-06-07 13:56:25.717,,,,,41.91,-87.67,41.9,-87.69,casual
B790E14D5087933E,electric_bike,2024-06-07 12:52:58.725,2024-06-07 13:14:39.712,,,,,41.94,-87.65,41.91,-87.67,casual
9DF8145E0448654B,electric_bike,2024-06-07 16:55:43.268,2024-06-07 16:56:05.307,,,,,41.87,-87.62,41.87,-87.62,casual
6141FBFC29BE14EB,electric_bike,2024-06-07 18:25:45.611,2024-06-07 19:04:21.654,,,,,41.96,-87.64,42.0,-87.71,casual
AF955785882087E8,electric_bike,2024-06-06 23:32:50.247,2024-06-06 23:38:22.092,,,,,41.94,-87.64,41.94,-87.66,casual
3841BCD1E61970DB,electric_bike,2024-06-06 23:37:12.418,2024-06-06 23:38:22.567,,,,,41.92,-87.64,41.92,-87.64,casual
34B0D3D45D2496F4,electric_bike,2024-06-07 16:32:43.570,2024-06-07 16:38:36.559,,,,,41.93,-87.64,41.94,-87.65,casual
C06F9DD0DD99D0D4,electric_bike,2024-06-06 20:56:42.365,2024-06-06 21:08:00.956,,,,,41.93,-87.64,41.92,-87.63,casual
BCD4EE66BCF106C2,electric_bike,2024-06-06 20:26:19.987,2024-06-06 20:48:50.114,,,,,41.92,-87.63,41.93,-87.65,casual
AE69B0E92E7B54FB,electric_bike,2024-06-07 15:02:34.547,2024-06-07 15:13:46.694,,,,,41.91,-87.63,41.89,-87.61,casual
BAB7DF92ACB1ADFC,electric_bike,2024-06-07 15:02:58.343,2024-06-07 15:13:29.849,,,,,41.91,-87.62,41.89,-87.61,casual
A1E00D3F1BBEAC27,electric_bike,2024-06-07 14:54:00.140,2024-06-07 15:01:19.047,,,,,41.91,-87.63,41.91,-87.62,casual
F6A74918AA05D8FF,electric_bike,2024-06-07 01:00:52.384,2024-06-07 01:06:38.465,,,,,41.94,-87.65,41.96,-87.66,casual
C703EDF0A5161FF9,electric_bike,2024-06-06 19:57:28.614,2024-06-06 20:15:48.827,,,,,41.98,-87.69,41.96,-87.67,casual
6265082DC44C9B5F,electric_bike,2024-06-07 13:57:17.440,2024-06-07 14:02:41.667,,,,,41.88,-87.67,41.88,-87.65,casual
A7622405B90357F9,electric_bike,2024-06-07 14:07:15.187,2024-06-07 14:09:46.139,,,,,41.88,-87.64,41.88,-87.64,casual
BC22E97B1C1A9E90,electric_bike,2024-06-07 16:46:43.086,2024-06-07 17:12:22.139,,,,,41.93,-87.64,41.86,-87.61,casual
43621A41642D02AB,electric_bike,2024-06-07 15:40:00.867,2024-06-07 15:46:31.318,,,,,41.94,-87.65,41.93,-87.65,casual
DDA79F12F0DCA757,electric_bike,2024-06-07 04:21:17.627,2024-06-07 04:29:50.761,,,,,41.93,-87.65,41.93,-87.69,casual
90DDFF89C702ABFF,electric_bike,2024-06-07 18:11:32.185,2024-06-07 18:19:50.552,,,,,41.98,-87.65,41.97,-87.67,casual
AC4C69ED81E07F95,electric_bike,2024-06-07 17:24:42.070,2024-06-07 17:31:22.365,,,,,41.97,-87.66,41.98,-87.65,casual
FE2B2EA9C1755BEE,electric_bike,2024-06-07 18:10:50.253,2024-06-07 18:16:57.955,,,,,41.79,-87.6,41.8,-87.59,casual
2A6F2D2179993830,electric_bike,2024-06-07 17:14:30.588,2024-06-07 17:20:19.138,,,,,41.98,-87.69,41.99,-87.67,casual
A6ADD57AADF98A37,electric_bike,2024-06-07 17:07:52.630,2024-06-07 17:13:32.234,,,,,41.97,-87.69,41.98,-87.69,casual
45A985838043E188,electric_bike,2024-06-07 18:56:51.426,2024-06-07 19:06:57.352,,,,,41.92,-87.67,41.91,-87.68,casual
3B58BB1D1A1A26B6,electric_bike,2024-06-07 17:06:19.964,2024-06-07 17:30:01.985,California Ave & Milwaukee Ave,13084,,,41.92268014,-87.697142482,41.97,-87.69,casual
106DD1E57C0B3880,electric_bike,2024-06-07 16:35:39.632,2024-06-07 16:40:46.437,,,,,41.89,-87.62,41.89,-87.63,casual
BC611846D83EBB36,electric_bike,2024-06-07 14:35:21.616,2024-06-07 14:52:25.089,,,,,41.94,-87.65,41.92,-87.63,casual
688C10C5B66C8472,electric_bike,2024-06-06 20:51:19.724,2024-06-06 21:00:37.891,,,,,41.95,-87.64,41.94,-87.64,casual
AE83B1231296128B,electric_bike,2024-06-06 20:19:08.439,2024-06-06 20:29:25.320,,,,,41.91,-87.68,41.93,-87.7,casual
F95B2923167719C7,electric_bike,2024-06-07 13:28:22.463,2024-06-07 14:08:50.777,,,,,41.86,-87.69,41.86,-87.71,casual
DCD8992E0E759695,electric_bike,2024-06-07 13:08:51.017,2024-06-07 13:18:02.299,,,,,41.86,-87.71,41.86,-87.69,casual
AF5DFE784A265BD7,electric_bike,2024-06-06 22:03:48.074,2024-06-06 22:18:43.011,,,,,41.91,-87.63,41.94,-87.66,casual
E2F9394935D7E14E,electric_bike,2024-06-06 19:17:34.055,2024-06-06 19:29:59.979,,,,,41.98,-87.66,41.96,-87.64,casual
9441874BE954CF43,electric_bike,2024-06-06 20:43:47.689,2024-06-06 20:44:27.274,,,,,41.94,-87.72,41.94,-87.72,casual
BA3B8581A1FAA576,electric_bike,2024-06-06 20:53:19.783,2024-06-06 22:00:36.470,,,,,41.94,-87.72,41.95,-87.72,casual
478AAB92A8F50AE3,electric_bike,2024-06-06 19:30:12.988,2024-06-06 19:33:43.867,,,,,41.93,-87.66,41.93,-87.67,casual
65CE749F6E5D3ABE,electric_bike,2024-06-07 15:10:28.926,2024-06-07 15:11:48.530,,,,,41.92,-87.63,41.92,-87.63,casual
E6B0B9CCD23D7648,electric_bike,2024-06-07 15:12:29.477,2024-06-07 15:20:52.098,,,,,41.92,-87.63,41.9,-87.63,casual
09857FB2116E2363,electric_bike,2024-06-06 21:08:57.538,2024-06-06 21:16:38.189,,,,,41.93,-87.75,41.92,-87.75,casual
E2BAB2C3F3F55648,electric_bike,2024-06-07 18:10:43.634,2024-06-07 18:13:30.578,,,,,41.91,-87.63,41.91,-87.63,casual
A04B062ED9648353,electric_bike,2024-06-07 18:23:14.238,2024-06-07 18:23:28.751,,,,,41.91,-87.69,41.91,-87.69,casual
91E64300E17A7E71,electric_bike,2024-06-07 18:24:23.097,2024-06-07 19:00:40.851,,,,,41.91,-87.69,41.98,-87.67,casual
6D54CFD6846E8D60,electric_bike,2024-06-07 15:39:09.244,2024-06-07 15:56:06.361,,,,,41.95,-87.66,41.99,-87.65,casual
73419A9B0333079F,electric_bike,2024-06-07 18:51:50.813,2024-06-07 19:08:44.324,,,,,41.99,-87.65,41.95,-87.66,casual
073EA3D8E6F61956,electric_bike,2024-06-07 17:40:48.075,2024-06-07 17:48:46.285,,,,,41.93,-87.65,41.93,-87.65,casual
D65658F6C33B6C40,electric_bike,2024-06-07 17:21:14.126,2024-06-07 17:32:32.727,,,,,41.95,-87.65,41.94,-87.68,casual
F85AC23BE6602CB6,electric_bike,2024-06-07 10:45:25.008,2024-06-07 11:34:42.882,,,,,41.94,-87.65,41.94,-87.65,casual
9058EBEBC6DC8F03,electric_bike,2024-06-07 11:51:18.708,2024-06-07 11:58:05.140,,,,,41.93,-87.71,41.94,-87.71,casual
B31A747904333BC1,electric_bike,2024-06-07 12:06:16.907,2024-06-07 12:14:37.573,,,,,41.94,-87.71,41.93,-87.71,casual
BB20EE4EFF184D72,electric_bike,2024-06-07 02:17:44.811,2024-06-07 02:25:42.902,,,,,41.95,-87.66,41.96,-87.66,casual
410B39C420100509,electric_bike,2024-06-07 18:00:21.069,2024-06-07 18:03:26.306,,,,,41.91,-87.63,41.92,-87.63,casual
136FF2115EA2331C,electric_bike,2024-06-07 18:04:23.795,2024-06-07 18:12:26.671,,,,,41.92,-87.63,41.93,-87.65,casual
E1179F19A174064E,electric_bike,2024-06-07 11:12:41.486,2024-06-07 11:21:52.639,,,,,41.97,-87.66,41.97,-87.65,casual
66AA71A7305CC1D0,electric_bike,2024-06-07 11:31:41.691,2024-06-07 11:39:33.917,,,,,41.97,-87.65,41.96,-87.64,casual
3D80BBF7444818AE,electric_bike,2024-06-07 17:42:32.493,2024-06-07 17:51:14.634,,,,,41.95,-87.65,41.97,-87.64,casual
FA177E0387F97225,electric_bike,2024-06-07 11:57:31.605,2024-06-07 12:11:56.092,,,,,41.93,-87.72,41.92,-87.68,casual
18AF03A3B79C4DE7,electric_bike,2024-06-07 15:32:30.494,2024-06-07 15:32:52.886,,,,,41.92,-87.64,41.92,-87.64,casual
0BF08927A0869359,electric_bike,2024-06-07 15:34:12.154,2024-06-07 15:43:50.455,,,,,41.92,-87.64,41.91,-87.63,casual
6C89CE65F6872253,electric_bike,2024-06-07 09:32:21.747,2024-06-07 09:40:14.086,,,,,41.92,-87.7,41.94,-87.7,casual
2085FC9549AA8295,electric_bike,2024-06-07 11:14:42.138,2024-06-07 11:20:28.744,,,California Ave & Milwaukee Ave,13084,41.94,-87.7,41.922695,-87.697153,casual
4B46084905E02291,electric_bike,2024-06-06 21:04:30.529,2024-06-06 21:09:28.901,,,,,41.93,-87.68,41.94,-87.68,casual
C3483D634067A04B,electric_bike,2024-06-06 20:57:20.823,2024-06-06 21:02:03.799,,,,,41.94,-87.67,41.93,-87.68,casual
8C96FA5B56839F81,electric_bike,2024-06-06 20:53:02.048,2024-06-06 20:54:10.324,,,,,41.94,-87.67,41.94,-87.67,casual
D854361FC1EEF761,electric_bike,2024-06-06 23:19:09.815,2024-06-06 23:32:25.141,,,,,41.93,-87.65,41.94,-87.68,casual
42329224817D0CD1,electric_bike,2024-06-06 21:31:34.648,2024-06-06 21:42:16.072,,,,,41.75,-87.7,41.73,-87.74,casual
406712F6B8A870C7,electric_bike,2024-06-07 10:12:37.581,2024-06-07 10:12:58.207,,,,,41.93,-87.64,41.93,-87.64,casual
778FBE1B809E2F99,electric_bike,2024-06-07 10:13:44.502,2024-06-07 10:18:41.158,,,,,41.93,-87.64,41.92,-87.65,casual
72D068F53F35954C,electric_bike,2024-06-06 21:52:18.992,2024-06-06 22:08:01.270,,,,,41.91,-87.63,41.93,-87.64,casual
D78B4833A92B5C39,electric_bike,2024-06-07 17:22:25.100,2024-06-07 17:25:34.726,,,,,41.88,-87.65,41.88,-87.65,casual
16047580D8926EBC,electric_bike,2024-06-07 17:26:36.780,2024-06-07 17:27:39.669,,,,,41.88,-87.65,41.88,-87.65,casual
0AF35E68B168A204,electric_bike,2024-06-07 09:47:59.234,2024-06-07 09:55:26.980,,,,,41.94,-87.64,41.94,-87.64,casual
8DAFEEDD2AEB5A92,electric_bike,2024-06-07 12:05:49.190,2024-06-07 12:06:05.936,,,,,41.79,-87.62,41.79,-87.62,casual
6723436FD6503B43,electric_bike,2024-06-07 12:07:03.052,2024-06-07 12:33:11.950,,,,,41.79,-87.62,41.79,-87.62,casual
53D23B8518A81974,electric_bike,2024-06-07 15:01:42.733,2024-06-07 15:02:01.455,,,,,41.95,-87.66,41.95,-87.66,casual
BCAE5D1E98E3A438,electric_bike,2024-06-07 15:58:09.538,2024-06-07 16:05:51.106,,,,,41.99,-87.67,41.98,-87.67,casual
2045A660BDCC6C1D,electric_bike,2024-06-07 17:12:15.387,2024-06-07 17:13:29.766,,,,,41.72,-87.57,41.72,-87.57,casual
9E0EE7702823DD38,electric_bike,2024-06-07 17:14:21.796,2024-06-07 17:29:21.627,,,,,41.72,-87.57,41.72,-87.57,casual
8242F36A0E796076,electric_bike,2024-06-07 17:01:08.703,2024-06-07 17:10:19.418,,,,,41.91,-87.63,41.93,-87.65,casual
EB323AA147C37C70,electric_bike,2024-06-07 17:00:02.903,2024-06-07 17:00:30.566,,,,,41.91,-87.63,41.91,-87.63,casual
6DFFB3FB0A4891F8,electric_bike,2024-06-07 17:10:34.962,2024-06-07 17:44:54.719,,,,,41.78,-87.6,41.78,-87.6,casual
8458388993AA4B14,electric_bike,2024-06-07 18:23:41.652,2024-06-07 18:46:05.534,,,,,41.91,-87.65,41.92,-87.7,casual
C6DC3D6BA4B39595,electric_bike,2024-06-07 12:46:29.475,2024-06-07 12:59:58.306,,,,,41.88,-87.64,41.91,-87.65,casual
E97FE3E61008FA26,electric_bike,2024-06-07 09:31:49.272,2024-06-07 09:36:32.082,,,,,42.01,-87.67,42.02,-87.67,casual
39FEED8BDA787B72,electric_bike,2024-06-07 15:36:29.173,2024-06-07 15:36:37.781,,,,,42.02,-87.67,42.02,-87.67,casual
EA520386162ABFA9,electric_bike,2024-06-06 22:59:27.169,2024-06-06 23:06:42.082,,,,,42.0,-87.66,42.01,-87.67,casual
A13CC62A78B196C8,electric_bike,2024-06-06 22:42:07.536,2024-06-06 22:49:34.496,,,,,42.0,-87.67,42.0,-87.66,casual
7119045B74DC8F62,electric_bike,2024-06-07 14:29:12.059,2024-06-07 14:35:07.826,,,,,41.91,-87.63,41.91,-87.63,casual
87906FB45E42A296,electric_bike,2024-06-07 10:56:28.678,2024-06-07 11:08:00.823,,,,,41.94,-87.66,41.94,-87.64,casual
7E641700CD420730,electric_bike,2024-06-07 18:25:19.435,2024-06-07 18:59:38.331,,,,,41.97,-87.7,41.9,-87.65,casual
7D4B499529D5DF91,electric_bike,2024-06-07 18:06:43.711,2024-06-07 18:31:40.390,,,,,41.95,-87.67,41.92,-87.72,casual
180F12B5DA6F7042,electric_bike,2024-06-07 18:37:12.702,2024-06-07 18:58:01.005,,,,,41.93,-87.63,41.89,-87.61,casual
C760AD2498BEBC10,electric_bike,2024-06-07 18:36:03.502,2024-06-07 18:36:29.233,,,,,41.93,-87.63,41.93,-87.63,casual
36119B1F33CEF87A,electric_bike,2024-06-06 22:08:44.748,2024-06-06 22:22:45.604,,,,,41.92,-87.7,41.93,-87.69,casual
4BA70ACC48A9E1FB,electric_bike,2024-06-06 19:02:33.268,2024-06-06 19:14:29.698,,,,,41.92,-87.76,41.92,-87.76,casual
63C3306E49300291,electric_bike,2024-06-07 08:50:08.738,2024-06-07 09:00:12.337,,,,,41.78,-87.59,41.8,-87.59,casual
BC114953D6783614,electric_bike,2024-06-07 16:10:34.353,2024-06-07 16:23:36.339,,,,,41.8,-87.59,41.78,-87.59,casual
19F86872854D6B7E,electric_bike,2024-06-07 08:00:26.230,2024-06-07 08:00:40.551,,,,,41.91,-87.63,41.91,-87.63,casual
229B93601447E1B7,electric_bike,2024-06-07 07:56:54.098,2024-06-07 07:57:10.714,,,,,41.91,-87.63,41.91,-87.63,casual
7E89E4DAFA22D4C8,electric_bike,2024-06-07 15:07:47.180,2024-06-07 15:29:15.858,,,,,41.94,-87.68,41.89,-87.65,casual
6C3DCB3F2D7DDCAF,electric_bike,2024-06-07 12:17:50.087,2024-06-07 12:38:57.857,,,,,41.97,-87.71,42.0,-87.67,casual
4D4C7023234064B1,electric_bike,2024-06-07 18:26:39.126,2024-06-07 18:32:11.055,,,,,41.91,-87.67,41.91,-87.67,casual
32D8F88821E42FFE,electric_bike,2024-06-17 14:45:30.804,2024-06-17 15:15:01.861,,,,,41.98,-87.72,41.91,-87.75,casual
D41C3215BCFF7EDC,electric_bike,2024-06-17 18:48:28.026,2024-06-17 18:52:24.213,,,,,41.95,-87.66,41.95,-87.66,casual
F28C4D3D800EFDEF,electric_bike,2024-06-16 23:59:03.157,2024-06-16 23:59:38.958,,,,,41.77,-87.77,41.78,-87.77,casual
72F5B967CA1DBD3A,electric_bike,2024-06-17 12:09:44.802,2024-06-17 12:59:55.838,,,,,41.93,-87.64,41.79,-87.58,casual
42178EE23D955471,electric_bike,2024-06-17 17:41:19.715,2024-06-17 17:58:04.959,,,,,41.93,-87.64,41.91,-87.63,casual
DAEC790EF7868160,electric_bike,2024-06-17 18:31:25.011,2024-06-17 18:39:18.396,,,,,41.96,-87.67,41.95,-87.66,casual
C7FEFCAD2F1D49CA,electric_bike,2024-06-17 14:16:16.150,2024-06-17 14:30:36.969,,,,,41.91,-87.62,41.93,-87.64,casual
A8152F4A6F74CC72,electric_bike,2024-06-16 22:34:05.657,2024-06-16 22:53:04.659,,,,,41.95,-87.65,41.9,-87.62,casual
CC73A43A239138D7,electric_bike,2024-06-16 21:24:55.825,2024-06-16 21:33:38.837,California Ave & Milwaukee Ave,13084,,,41.922721744,-87.697203159,41.92,-87.72,casual
7CA3639F31B7B2E6,electric_bike,2024-06-17 15:43:49.877,2024-06-17 16:12:12.883,,,,,41.89,-87.63,41.93,-87.63,casual
529CBD5DFC6E0381,electric_bike,2024-06-17 18:51:08.056,2024-06-17 19:22:39.786,,,,,41.93,-87.63,41.89,-87.63,casual
A54BD482B938D49A,electric_bike,2024-06-17 12:16:28.932,2024-06-17 12:16:57.639,,,,,41.9,-87.64,41.9,-87.64,casual
65028DF5294F24BC,electric_bike,2024-06-17 12:15:04.460,2024-06-17 12:15:20.137,,,,,41.9,-87.64,41.9,-87.64,casual
4570678EB7980BB0,electric_bike,2024-06-17 18:34:07.750,2024-06-17 18:34:27.497,,,,,41.91,-87.63,41.91,-87.63,casual
25EC832D0015A639,electric_bike,2024-06-17 18:34:53.201,2024-06-17 18:37:39.198,,,,,41.91,-87.63,41.92,-87.63,casual
E1783C1031DB0819,electric_bike,2024-06-17 08:45:52.914,2024-06-17 08:50:30.983,,,,,41.89,-87.63,41.89,-87.64,casual
FF9D158D04B3631F,electric_bike,2024-06-17 16:58:52.142,2024-06-17 17:15:19.408,,,,,41.94,-87.65,41.98,-87.67,casual
A4F977076B2BE624,electric_bike,2024-06-17 17:19:19.380,2024-06-17 17:25:20.561,,,,,41.85,-87.63,41.85,-87.63,casual
61A436F73281F10D,electric_bike,2024-06-17 13:29:33.122,2024-06-17 13:29:56.031,,,,,41.92,-87.64,41.92,-87.64,casual
28E717833792280E,electric_bike,2024-06-17 13:24:38.042,2024-06-17 13:26:10.030,,,,,41.92,-87.64,41.92,-87.64,casual
46BEB2ABA3DECAB8,electric_bike,2024-06-17 01:28:26.615,2024-06-17 01:29:45.051,,,,,41.79,-87.68,41.79,-87.68,casual
03EC4CFC26E328CF,electric_bike,2024-06-16 19:20:41.690,2024-06-16 19:27:48.751,,,,,41.93,-87.65,41.95,-87.66,casual
1EE4ABC2E312A4F3,electric_bike,2024-06-16 23:35:06.496,2024-06-16 23:41:50.412,,,,,41.89,-87.65,41.91,-87.67,casual
420792FD4868B2F6,electric_bike,2024-06-17 18:17:53.405,2024-06-17 18:26:50.834,,,,,41.99,-87.65,41.97,-87.64,casual
8981D57961FF3386,electric_bike,2024-06-17 13:09:57.558,2024-06-17 13:33:31.223,,,,,41.93,-87.7,41.89,-87.66,casual
446B4011A12D4197,electric_bike,2024-06-17 16:24:11.296,2024-06-17 16:29:45.601,,,,,41.92,-87.65,41.91,-87.66,casual
C76E1C3E82CCFDAA,electric_bike,2024-06-17 16:36:41.410,2024-06-17 16:44:23.335,,,,,41.91,-87.66,41.92,-87.65,casual
FE06DABC2EFE84E0,electric_bike,2024-06-17 18:05:16.255,2024-06-17 18:19:01.620,,,,,41.94,-87.71,41.95,-87.66,casual
233518B885B82A14,electric_bike,2024-06-17 08:26:12.885,2024-06-17 08:33:53.326,,,,,41.94,-87.64,41.94,-87.66,casual
78CB625F28526921,electric_bike,2024-06-17 00:46:19.552,2024-06-17 01:02:27.546,,,,,41.92,-87.69,41.94,-87.72,casual
3E46E2E428D3D635,electric_bike,2024-06-17 17:45:24.377,2024-06-17 17:57:13.708,,,,,42.0,-87.68,41.98,-87.67,casual
DD5F65AAC6B03573,electric_bike,2024-06-17 17:54:48.478,2024-06-17 18:00:28.539,,,,,41.96,-87.65,41.97,-87.66,casual
8394F010C6E057F7,electric_bike,2024-06-17 00:39:14.494,2024-06-17 00:46:59.725,,,,,41.88,-87.68,41.88,-87.66,casual
BCF1C1011E362008,electric_bike,2024-06-17 00:48:14.127,2024-06-17 01:02:45.471,,,,,41.88,-87.66,41.88,-87.68,casual
AD31C20A99CDBEDD,electric_bike,2024-06-17 12:10:15.429,2024-06-17 12:10:30.388,,,,,41.88,-87.64,41.88,-87.64,casual
6DA77909FE0117A0,electric_bike,2024-06-16 23:16:04.989,2024-06-16 23:34:18.445,,,,,41.7,-87.64,41.66,-87.62,casual
03205CE699E1A196,electric_bike,2024-06-17 18:34:22.779,2024-06-17 18:47:38.760,,,,,41.89,-87.63,41.89,-87.63,casual
146C83266F48E60C,electric_bike,2024-06-17 09:49:42.216,2024-06-17 09:54:04.967,,,,,41.89,-87.62,41.89,-87.63,casual
B15DF1076FCAB616,electric_bike,2024-06-17 18:22:05.080,2024-06-17 18:27:29.898,,,,,41.92,-87.69,41.92,-87.68,casual
A68A5F18EFED0D94,electric_bike,2024-06-17 10:37:02.285,2024-06-17 10:39:07.225,,,,,41.91,-87.69,41.91,-87.69,casual
A67BB7B101AA0265,electric_bike,2024-06-17 13:11:16.211,2024-06-17 13:22:10.386,,,,,41.96,-87.66,41.98,-87.67,casual
08DE59EC4C68BAED,electric_bike,2024-06-17 11:29:43.843,2024-06-17 11:46:44.099,,,,,41.93,-87.64,41.93,-87.7,casual
FF4E560193EDA072,electric_bike,2024-06-17 09:37:11.964,2024-06-17 09:39:52.160,,,,,41.89,-87.63,41.88,-87.63,casual
A397C92F289BB2EF,electric_bike,2024-06-17 13:09:12.773,2024-06-17 13:33:54.003,,,,,41.89,-87.64,41.88,-87.63,casual
0C33B1BA198F943F,electric_bike,2024-06-17 12:03:48.012,2024-06-17 13:05:57.002,,,,,41.94,-87.63,41.89,-87.64,casual
1BD29681D742E777,electric_bike,2024-06-17 14:54:53.026,2024-06-17 15:15:49.586,,,,,41.93,-87.63,41.93,-87.64,casual
C7459955B4F0176B,electric_bike,2024-06-17 13:06:23.742,2024-06-17 13:06:57.251,,,,,41.8,-87.6,41.8,-87.6,casual
6EE32AE1D0D2B462,electric_bike,2024-06-17 13:03:25.702,2024-06-17 13:05:06.848,,,,,41.8,-87.6,41.8,-87.6,casual
D50799CB5A042D88,electric_bike,2024-06-17 13:05:34.301,2024-06-17 13:06:03.950,,,,,41.8,-87.6,41.8,-87.6,casual
9554A6D04A9E050A,electric_bike,2024-06-17 13:07:27.102,2024-06-17 13:07:56.055,,,,,41.8,-87.6,41.8,-87.6,casual
00D43BA4BEB8E53D,electric_bike,2024-06-17 17:21:56.160,2024-06-17 17:22:39.258,,,,,41.89,-87.66,41.89,-87.66,casual
1A71BC4C657CDF21,electric_bike,2024-06-17 17:23:17.124,2024-06-17 17:25:06.861,,,,,41.89,-87.66,41.89,-87.65,casual
2226CFA65922E3A2,electric_bike,2024-06-17 14:00:23.132,2024-06-17 14:17:00.145,,,,,41.97,-87.69,41.94,-87.65,casual
87B33FA47ADA001C,electric_bike,2024-06-16 19:37:52.020,2024-06-16 20:05:41.360,,,,,41.94,-87.65,41.93,-87.72,casual
B22D5B9E7DEFD2F8,electric_bike,2024-06-16 23:25:58.760,2024-06-16 23:46:55.371,,,,,41.78,-87.78,41.79,-87.74,casual
D716395171950BF6,electric_bike,2024-06-16 19:34:32.160,2024-06-16 19:41:05.105,,,,,41.93,-87.66,41.94,-87.65,casual
979D776C8A9039B5,electric_bike,2024-06-17 17:51:10.552,2024-06-17 18:36:57.624,,,,,41.95,-87.65,41.95,-87.65,casual
0B13A109D43BEC27,electric_bike,2024-06-16 19:52:06.267,2024-06-16 19:58:20.838,,,,,41.89,-87.62,41.9,-87.63,casual
06A3038FFCB16390,electric_bike,2024-06-17 14:26:47.404,2024-06-17 14:34:24.324,,,,,41.93,-87.63,41.94,-87.64,casual
85A04786CB4C897A,electric_bike,2024-06-17 13:01:44.318,2024-06-17 13:07:39.645,,,,,41.94,-87.65,41.95,-87.64,casual
CD68C06286818B55,electric_bike,2024-06-16 20:45:01.811,2024-06-16 20:45:41.489,,,,,41.84,-87.61,41.84,-87.61,casual
1B699AD14474A860,electric_bike,2024-06-17 12:32:56.420,2024-06-17 12:54:20.251,,,,,41.89,-87.75,41.86,-87.71,casual
AC2239E23760A097,electric_bike,2024-06-17 18:09:50.508,2024-06-17 18:21:19.342,,,,,41.9,-87.76,41.89,-87.75,casual
1B1B1B3C44FC1C74,electric_bike,2024-06-17 16:46:29.035,2024-06-17 16:57:52.803,,,,,41.89,-87.75,41.9,-87.76,casual
E22E240AC4CB5F10,electric_bike,2024-06-17 13:07:49.476,2024-06-17 13:25:02.280,,,,,41.89,-87.75,41.86,-87.7,casual
F38C171CEF532E12,electric_bike,2024-06-17 13:36:14.989,2024-06-17 13:57:37.061,,,,,41.86,-87.7,41.89,-87.75,casual
1DFAB48ECAF2FD58,electric_bike,2024-06-16 20:44:01.032,2024-06-16 20:44:46.686,,,,,41.84,-87.61,41.84,-87.61,casual
A75EBD6C2B7F5D8B,electric_bike,2024-06-16 23:40:46.306,2024-06-16 23:41:30.195,,,,,42.0,-87.68,42.0,-87.68,casual
63C1C0B02CB635FB,electric_bike,2024-06-16 23:43:38.086,2024-06-16 23:43:51.699,,,,,42.0,-87.68,42.0,-87.68,casual
27AAD371DD51EF14,electric_bike,2024-06-16 23:42:44.856,2024-06-16 23:42:55.196,,,,,42.0,-87.68,42.0,-87.68,casual
FFF186D1FBBBC1A8,electric_bike,2024-06-16 23:43:14.626,2024-06-16 23:43:22.997,,,,,42.0,-87.68,42.0,-87.68,casual
706748197CCA1CE6,electric_bike,2024-06-16 23:44:09.200,2024-06-17 00:17:33.714,,,,,42.0,-87.68,42.0,-87.68,casual
5F3F1DC9F4CB4527,electric_bike,2024-06-16 23:39:45.458,2024-06-16 23:40:03.393,,,,,42.0,-87.68,42.0,-87.68,casual
1697090E3A81891B,electric_bike,2024-06-17 16:32:35.681,2024-06-17 16:45:57.376,,,,,41.89,-87.63,41.89,-87.62,casual
1F7CE98A2EFA21A1,electric_bike,2024-06-17 12:19:33.768,2024-06-17 12:24:47.160,,,,,41.91,-87.65,41.91,-87.64,casual
6E5C2F9C234229A2,electric_bike,2024-06-17 12:33:21.544,2024-06-17 13:19:56.435,,,,,41.9,-87.71,41.94,-87.64,casual
5E7ACDA57669F27C,electric_bike,2024-06-17 13:01:09.947,2024-06-17 13:03:44.984,,,,,41.88,-87.63,41.88,-87.63,casual
4ACDF94E3CAF6828,electric_bike,2024-06-17 16:42:19.427,2024-06-17 16:42:20.015,,,,,41.99,-87.7,41.99,-87.7,casual
1902D91974EF7858,electric_bike,2024-06-17 18:37:30.704,2024-06-17 18:44:27.609,,,,,41.97,-87.67,41.98,-87.67,casual
A4EB879E1C8B114B,electric_bike,2024-06-17 18:28:19.734,2024-06-17 18:46:18.576,,,,,41.91,-87.62,41.91,-87.63,casual
281F3003DECE858D,electric_bike,2024-06-17 13:02:05.965,2024-06-17 13:03:02.147,,,,,41.85,-87.66,41.85,-87.66,casual
D7E53E83C4F5B3B8,electric_bike,2024-06-16 19:37:00.830,2024-06-16 19:44:19.576,,,,,41.91,-87.73,41.91,-87.75,casual
96577C2A575FEDFB,electric_bike,2024-06-17 17:31:45.868,2024-06-17 18:09:11.644,,,,,41.89,-87.62,41.95,-87.65,casual
D24E77E336A25801,electric_bike,2024-06-17 07:51:52.794,2024-06-17 08:05:12.772,,,,,41.94,-87.73,41.92,-87.7,casual
D3A20425AC3EDDBF,electric_bike,2024-06-17 10:22:52.865,2024-06-17 10:23:02.576,,,,,41.93,-87.64,41.93,-87.64,casual
052ED2E014065B0B,electric_bike,2024-06-17 10:25:30.746,2024-06-17 10:30:53.916,,,,,41.93,-87.64,41.94,-87.65,casual
43DE17287EF87AF2,electric_bike,2024-06-17 18:08:04.583,2024-06-17 18:24:47.768,,,,,41.89,-87.63,41.9,-87.64,casual
CF7EDB201313A486,electric_bike,2024-06-17 16:28:00.845,2024-06-17 16:50:32.364,,,,,41.89,-87.65,41.92,-87.69,casual
50AF8F1C62D287E2,electric_bike,2024-06-17 14:27:48.837,2024-06-17 14:45:25.059,,,,,41.89,-87.62,41.89,-87.62,casual
37E3FC01072D7548,electric_bike,2024-06-17 13:25:29.819,2024-06-17 13:59:43.887,,,,,41.89,-87.62,41.88,-87.62,casual
E7911AF25A292797,electric_bike,2024-06-17 13:24:27.637,2024-06-17 13:24:47.202,,,,,41.89,-87.62,41.89,-87.62,casual
